Graphics (banana),
banana1.jpg,IM_bBBbNwwLYOEKAK2
banana10.jpg,IM_6rk5UtX1IPYCT1Y
banana13.jpg,IM_38nIufPLS4jRrDw
banana3.jpg,IM_ezI2h0NgF4dTzvw
banana4.jpg,IM_bfpZzTUcixC2gcK
banana5.png,IM_6g9FEiNxU84Wdsq
banana7.jpg,IM_5gnorNXtOu2irnU
banana8.jpg,IM_7OFcPUQrREFY7uS
banana9.jpg,IM_79hLMhbQGX7CzJQ
bnn10.jpg,IM_6RJxMRNE76ermzI
bnn13.jpg,IM_3dZlk3SjjOWbcHA
bnn4.jpg,IM_a3ocxhjaTy0iO9w
bnn5.jpg,IM_dmWlmziUI4TxWC2
bnn6.jpg,IM_6FmsS88cCJWEQZM
bnn8.jpg,IM_e2nnqgOYDzB8rK6
FA-BANANA-2.jpg,IM_dbg7VtuaAdH6d82
Graphics (beach),
b1.jpg,IM_2tsdDcUjMxYNNQi
b10.jpg,IM_0kOj6gfoIANk4NE
b11.jpg,IM_ekTiNocRYop7bcq
b14.jpg,IM_3m9ZeSYfyAbNqJg
b15.jpg,IM_e4gmkOl8Bhqjzym
b16.jpg,IM_0P0iMQ5iflc69ls
b17.jpg,IM_6hrOWynEcnyEOSG
b2.jpg,IM_0PyMS6W69igWYJ0
b20.jpg,IM_9KBiJdQ5Yjb5OU6
b3.jpg,IM_0TKaaYI2PnpPBHM
b4.jpg,IM_esK9hwdF8DL8wtM
b5.jpg,IM_6QCzRmle1ecf6Oa
b6.jpg,IM_4U8wXXRNI6unvM2
b7.jpg,IM_bmtJX1ibcz1aE2a
b8.jpg,IM_b1Vnl6ynk9GHJf8
b9.jpg,IM_39otDaWdVPYIXhY
Graphics (car),
c (1).jpg,IM_bwoNqkAyDD4tiv4
c (10).jpg,IM_8xhDlmtyS5L1dFs
c (11).jpg,IM_etDXdOzwffPyUpo
c (12).jpg,IM_3rYwji49Osx1WeO
c (13).jpg,IM_eh2YDDtBGFgEMUm
c (14).jpg,IM_ePBBmpiFlYJik98
c (15).jpg,IM_cTHdfUio39VLHUi
c (16).jpg,IM_0dnVTyXJGDNt8zA
c (2).jpg,IM_2i6c6NKo9M3Tuo6
c (3).jpg,IM_dmoFPHzGr5zfWhE
c (4).jpg,IM_0eUd83RtrkZbwX4
c (5).jpg,IM_1M7y5NzyYEVMVxk
c (6).jpg,IM_cNgIltaHEbm3eyG
c (7).jpg,IM_e5wtQvi7LBshaFo
c (8).jpg,IM_bHDBQE0YJ2Sc1kG
c (9).jpg,IM_5vHkMS4o6dfZrjo
Graphics (church),
c (1).jpg,IM_6gruJ3PK40IRYx0
c (10).jpg,IM_cITRuN8BkRgjmXs
c (11).jpg,IM_6KXu5eqeWhmjyhU
c (12).jpg,IM_73xqdRbs3p0oq7c
c (13).jpg,IM_0Jvmi7x6WN3xE3A
c (14).jpg,IM_bw4GrbXwQ0i8Uya
c (15).jpg,IM_1ZIJZd6OYHbvBcO
c (16).jpg,IM_2fcFV6FkMhwJu4u
c (17).jpg,IM_0ImrdekSkFGswke
c (18).jpg,IM_bklb5RRgLP7RYRo
c (2).jpg,IM_eSgwsNWSs6sYcjs
c (5).jpg,IM_6PannfZSjBQPRmm
c (6).jpg,IM_3eXgvdJIcFhP9mS
c (7).jpg,IM_3CtFP6IeAiuohg2
c (8).jpg,IM_5oM0KwoDYd3GmJ8
c (9).jpg,IM_cuwyBaTkPeDhD6e
Graphics (mountain),
m1.jpg,IM_bPnZ7OdUjMEDcV0
m11.jpg,IM_eQDRWkNy08Bpsxg
m12.jpg,IM_8uDjBnaH2kUt33E
m14.jpg,IM_0qDteg44aaVO8jc
m15.jpg,IM_dcfi12jJoT98bJ4
m16.jpg,IM_00NOwQSwTmX2glg
m17.jpg,IM_0fGcv7iWqWxqH3w
m19.jpg,IM_0U1NSj3K1BfRrrE
m2.jpg,IM_55rhYx2hrkPzTue
m20.jpg,IM_080KEtA1ZhK9z9k
m3.jpg,IM_4HpwlDorv7L39DU
m4.jpg,IM_bCt4qSQvAQdq4ce
m5.jpg,IM_9tPBv8qPXuvMCTI
m6.jpg,IM_0NwhkxdNiic7wSG
m8.jpg,IM_0HhRE0gfc0Oa4vA
m9.jpg,IM_8okXG5iWrwxnNOe
Graphics (mug),
mug1.jpg,IM_7O4rqF19P9YlT82
mug10.jpeg,IM_1TVzXJ5hcePlvSK
mug11.jpg,IM_6MwDlEutcjAh1Oe
mug12.jpg,IM_9srppaEOGRZl7oi
mug13.jpg,IM_ac3ouutMixL2VEO
mug3.jpg,IM_6QjFecDCv2Ji7d4
mug4.jpg,IM_dhQZQ4CbvGFbkmG
mug5.jpg,IM_a3PvYPUZ5ByRyVo
mug6.jpeg,IM_cCR9WmrX5UZ6NZs
mug7.jpg,IM_7OIsSpeQdAxBKjc
mugs.jpg,IM_37Q0qrGUWAwLqFE
mugs1.jpg,IM_0ktqyvmH3024dU2
mugs10.jpg,IM_72oagQS0teQDWYe
mugs11.jpg,IM_af98shGzmf8SPdA
mugs3.jpg,IM_1BWCIF2pMz71vgy
mugs4.jpg,IM_73TyRauxeiLZx78
Graphics (plane),
p (1).jpg,IM_dlZNEfUNS8cLlH0
p (10).jpg,IM_9Y6D8Z81Cpq75rw
p (11).jpg,IM_9twmVo5UI5DUNOm
p (12).jpg,IM_e5TSNhklNO01OQK
p (13).jpg,IM_3z1NrkCuU1JSZgO
p (14).jpg,IM_4JIFQlJpLWD1IJ8
p (15).jpg,IM_24OzlxkxmSY1ojk
p (16).jpg,IM_aVkyNUlL5B8APQy
p (2).jpg,IM_3sW2N95lsXVNNcO
p (3).jpg,IM_6hrIaOnkLuPB5c2
p (4).jpg,IM_eeY46mkAKZkW1nw
p (5).jpg,IM_2nufRExwyLu0QUC
p (6).jpg,IM_8D4xvQNbbTei7C6
p (7).jpg,IM_9npwr7Zga2po9bE
p (8).jpg,IM_1Mou9E3TaTyWSMu
p (9).jpg,IM_eRNHtbSatJVvTF4
Graphics (lighthouse),
l (1).jpg,IM_bgyTCblDtkKqW3k
l (11).jpg,IM_enGa8DtYgk6kD0G
l (12).jpg,IM_6DNRpMpxpZ1eBfg
l (13).jpg,IM_8rgDsBqv84zu76S
l (15).jpg,IM_25d4IFJR4bZ4oMS
l (16).jpg,IM_b2Q0Xc1NLOLkUZg
l (18).jpg,IM_8bQVz2lSZF29gjQ
l (19).jpg,IM_b1MCBs7KRSDyz2u
l (4).jpg,IM_29mNEDtSy0QcYvQ
l (5).jpg,IM_9vrioFnC4w6QhZY
l (6).jpg,IM_3qkVfFTDnY0WH9Y
l (7).jpg,IM_8Im3kcJNkqoZCzs
l_new (1).jpg,IM_diCsyBP6wsSS7A2
l_new (2).jpg,IM_aWbP2P86oK1p5e6
l_new (3).jpg,IM_8bQid040ZR2P8fs
l_new (4).jpg,IM_3qi6hX652J0QcBw
